﻿<?xml version="1.0"?>
<doc>
<assembly>
<name>
WEB-Whatsapp
</name>
</assembly>
<members>
<member name="T:WindowsApplication2.My.Resources.Resources">
<summary>
  A strongly-typed resource class, for looking up localized strings, etc.
</summary>
</member>
<member name="P:WindowsApplication2.My.Resources.Resources.ResourceManager">
<summary>
  Returns the cached ResourceManager instance used by this class.
</summary>
</member>
<member name="P:WindowsApplication2.My.Resources.Resources.Culture">
<summary>
  Overrides the current thread's CurrentUICulture property for all
  resource lookups using this strongly typed resource class.
</summary>
</member>
<member name="P:WindowsApplication2.My.Resources.Resources._5gua4t8nlps57buuog8q7o5j6j_3e82b5be99d681f4f0e0467fb3aac94e">
<summary>
  Looks up a localized resource of type System.Drawing.Bitmap.
</summary>
</member>
<member name="P:WindowsApplication2.My.Resources.Resources._65u1mq02673gslt5bjnp5ehbl6_eac4fb75d4277aba1c256a51e6f649c5">
<summary>
  Looks up a localized resource of type System.Drawing.Bitmap.
</summary>
</member>
<member name="P:WindowsApplication2.My.Resources.Resources._65u1mq02673gslt5bjnp5ehbl6_eac4fb75d4277aba1c256a51e6f649c51">
<summary>
  Looks up a localized resource of type System.Drawing.Bitmap.
</summary>
</member>
<member name="P:WindowsApplication2.My.Resources.Resources.cnudpl1udj6erd65mdr2ln0qrh">
<summary>
  Looks up a localized resource of type System.Drawing.Bitmap.
</summary>
</member>
<member name="P:WindowsApplication2.My.Resources.Resources.d8s79nn9rsd9umotmv3kg0rfjp_6ebf16748eb815ce59a7ef1189e93a46">
<summary>
  Looks up a localized resource of type System.Drawing.Bitmap.
</summary>
</member>
<member name="P:WindowsApplication2.My.Resources.Resources.Demo">
<summary>
  Looks up a localized resource of type System.Drawing.Bitmap.
</summary>
</member>
<member name="P:WindowsApplication2.My.Resources.Resources.logo_brand_circle_font_youtube_play_button_png_c50cfb5603fa788a48e7a79a382a0cb3">
<summary>
  Looks up a localized resource of type System.Drawing.Bitmap.
</summary>
</member>
<member name="P:WindowsApplication2.My.Resources.Resources.No_Image">
<summary>
  Looks up a localized resource of type System.Drawing.Bitmap.
</summary>
</member>
<member name="P:WindowsApplication2.My.Resources.Resources.ojffqhkrbpr9i1jup4tbgore17">
<summary>
  Looks up a localized resource of type System.Drawing.Bitmap.
</summary>
</member>
<member name="P:WindowsApplication2.My.Resources.Resources.portable_document_format_computer_icons_download_pdf_icon_png_pdf_zum_download_39647505a097589b4507638728c95156">
<summary>
  Looks up a localized resource of type System.Drawing.Bitmap.
</summary>
</member>
<member name="P:WindowsApplication2.My.Resources.Resources.video_editing_music_video_aegisub_video_file_format_avidemux_99b817d9e76fa5c38c14cdb3e59cf67e">
<summary>
  Looks up a localized resource of type System.Drawing.Bitmap.
</summary>
</member>
<member name="P:WindowsApplication2.My.Resources.Resources.WhatsApp_Image_2021_02_23_at_14_23_28">
<summary>
  Looks up a localized resource of type System.Drawing.Bitmap.
</summary>
</member>
<member name="P:WindowsApplication2.My.Resources.Resources.white_black_pattern_frame_silhouette_frame_cartoon_white_square_of_paper_3c7363e6bca75b75e1e5be138b4c9e8c">
<summary>
  Looks up a localized resource of type System.Drawing.Bitmap.
</summary>
</member>
</members>
</doc>
